{"cameraMode":{"drawMode":0,"name":"Shaded","section":"Shading Mode"},"sceneLighting":false,"audioPlay":false,"sceneViewState":{"m_AlwaysRefresh":false,"showFog":true,"showSkybox":false,"showFlares":true,"showImageEffects":true,"showParticleSystems":true,"showVisualEffectGraphs":true,"m_FxEnabled":true},"in2DMode":false,"pivot":{"x":0.00007033348083496094,"y":-1.4568848609924317,"z":4.65622615814209},"rotation":{"x":0.09502442926168442,"y":-0.7331822514533997,"z":0.10474097728729248,"w":0.6651663184165955},"size":6.267972469329834,"orthographic":false}